interface_mode,carrier_refractive_index,carrier_thickness_um,interface_refractive_index,interface_thickness_um,transmitted_power_w_m2,weighted_transmittance_percent,additional_power_vs_baseline_w_m2,absolute_gain_vs_baseline_percentage_points,relative_gain_vs_baseline_percent,gain_retention_vs_active_only_percent,maximum_energy_residual
optical_contact,1.35,25.0,,0.0,821.4862619015288,98.25432633588103,-5.958963640536467,-0.712725197382671,-0.7201641216350856,-100.38070573500873,9.992007221626409e-16
optical_contact,1.35,50.0,,0.0,821.4883704166324,98.25457852601576,-5.956855125432867,-0.7124730072479344,-0.7199092993171226,-100.3451871034278,1.3322676295501878e-15
optical_contact,1.35,100.0,,0.0,821.4734561370599,98.25279469522012,-5.971769405005375,-0.7142568380435824,-0.7217117484838016,-100.59642305641019,1.1102230246251565e-15
optical_contact,1.35,200.0,,0.0,821.4690898621675,98.25227246445614,-5.976135679897766,-0.714779068807559,-0.7222394299251358,-100.66997439546347,1.1102230246251565e-15
optical_contact,1.4,25.0,,0.0,816.5231521626114,97.66071080444219,-10.922073379453877,-1.306340728821509,-1.3199753944194614,-183.98592440822975,1.1102230246251565e-15
optical_contact,1.4,50.0,,0.0,816.5173028842477,97.66001119821402,-10.92792265781759,-1.307040335049673,-1.3206823026453056,-184.0844574293403,1.1102230246251565e-15
optical_contact,1.4,100.0,,0.0,816.4876596012009,97.65646569667464,-10.957565940864356,-1.3105858365890442,-1.3242648096357044,-184.58380829838993,1.1102230246251565e-15
optical_contact,1.4,200.0,,0.0,816.539304524031,97.66264271671344,-10.905921018034292,-1.3044088165502783,-1.3180233182069236,-183.71383255864112,1.1102230246251565e-15
optical_contact,1.5,25.0,,0.0,804.3776808759923,96.20804488092904,-23.06754466607299,-2.759006652334656,-2.7878032229820744,-388.5803896171755,1.1102230246251565e-15
optical_contact,1.5,50.0,,0.0,804.3757648220329,96.2078157102177,-23.06946072003234,-2.7592358230459997,-2.788034785616096,-388.6126661773742,1.1102230246251565e-15
optical_contact,1.5,100.0,,0.0,804.2916750078464,96.19775810070213,-23.15355053421888,-2.769293432561566,-2.7981973693848827,-390.0291868011535,1.1102230246251565e-15
optical_contact,1.5,200.0,,0.0,804.4746206914707,96.21963942207562,-22.970604850594555,-2.747412111188087,-2.7760876661710565,-386.9474064881375,1.1102230246251565e-15
optical_contact,1.6,25.0,,0.0,789.9504943905337,94.4824731278852,-37.494731151531596,-4.4845784053785085,-4.53138528015175,-631.611099072979,1.1102230246251565e-15
optical_contact,1.6,50.0,,0.0,789.9473016855136,94.48209126260576,-37.497923856551665,-4.484960270657923,-4.5317711310723325,-631.6648812408946,1.1102230246251565e-15
optical_contact,1.6,100.0,,0.0,789.7931795812556,94.46365740165199,-37.65204596080969,-4.503394131611711,-4.550397391699682,-634.2611188634138,1.1102230246251565e-15
optical_contact,1.6,200.0,,0.0,790.002025891788,94.4886365820726,-37.44319965027728,-4.478414951191095,-4.525157496165136,-630.7430339570409,1.1102230246251565e-15
air_gap_10um,1.35,25.0,1.0,10.0,803.8283486728194,96.14234169383931,-23.616876869245857,-2.8247098394243815,-2.854192173720535,-397.83407155984554,1.2212453270876722e-15
air_gap_10um,1.35,50.0,1.0,10.0,803.8365401661324,96.1433214420037,-23.60868537593285,-2.82373009126001,-2.853202199634016,-397.69608315625976,1.4432899320127035e-15
air_gap_10um,1.35,100.0,1.0,10.0,803.8165527295187,96.14093083340713,-23.628672812546597,-2.8261206998565784,-2.855617759721471,-398.0327781109786,1.4432899320127035e-15
air_gap_10um,1.35,200.0,1.0,10.0,803.8256573401314,96.14201979547964,-23.619568201933816,-2.8250317377840557,-2.854517431828852,-397.87940794564713,1.3322676295501878e-15
air_gap_10um,1.4,25.0,1.0,10.0,797.000851206868,95.32573501982849,-30.444374335197267,-3.6413165134352035,-3.679322013762656,-512.8455157267521,1.3322676295501878e-15
air_gap_10um,1.4,50.0,1.0,10.0,796.9680816666724,95.32181560054474,-30.477143875392812,-3.6452359327189745,-3.6832823411878435,-513.3975294274338,1.4432899320127035e-15
air_gap_10um,1.4,100.0,1.0,10.0,796.9522393237603,95.31992076821142,-30.492986218304964,-3.6471307650522777,-3.685196950448145,-513.6643989131276,1.4432899320127035e-15
air_gap_10um,1.4,200.0,1.0,10.0,796.9894720208555,95.32437400588613,-30.455753521209772,-3.6426775273775687,-3.6806972330111627,-513.0372018640621,1.3322676295501878e-15
air_gap_10um,1.5,25.0,1.0,10.0,781.5306865075717,93.4754172709765,-45.9145390344936,-5.491634262287213,-5.548952077693682,-773.4455368090055,1.3322676295501878e-15
air_gap_10um,1.5,50.0,1.0,10.0,781.5503925692593,93.47777422556678,-45.89483297280594,-5.489277307696916,-5.546570522869343,-773.1135817076171,1.3322676295501878e-15
air_gap_10um,1.5,100.0,1.0,10.0,781.4446340336651,93.46512491644135,-46.000591508400134,-5.501926616822335,-5.55935185658541,-774.8951190823761,1.3322676295501878e-15
air_gap_10um,1.5,200.0,1.0,10.0,781.6862879058391,93.49402806372218,-45.758937636226165,-5.473023469541514,-5.530147038584839,-770.824379991537,1.3322676295501878e-15
air_gap_10um,1.6,25.0,1.0,10.0,764.3841273521228,91.4245934204385,-63.06109818994241,-7.542458112825207,-7.6211809849565135,-1062.2849748016283,1.3322676295501878e-15
air_gap_10um,1.6,50.0,1.0,10.0,764.365525086793,91.42236848603233,-63.079700455272246,-7.5446830472313815,-7.623429141662917,-1062.5983360897183,1.2212453270876722e-15
air_gap_10um,1.6,100.0,1.0,10.0,764.1791263972549,91.40007416594464,-63.26609914481037,-7.566977367319055,-7.645956154180997,-1065.738283424962,1.3322676295501878e-15
air_gap_10um,1.6,200.0,1.0,10.0,764.4618209470277,91.43388600654983,-62.98340459503754,-7.53316552671388,-7.611791409368114,-1060.976200598915,1.3322676295501878e-15
reversible_coupling_n1p40_25um,1.35,25.0,1.4,25.0,818.6852130475945,97.91930531247384,-8.760012494470743,-1.0477462207898693,-1.0586818588181468,-147.56529649899048,1.3322676295501878e-15
reversible_coupling_n1p40_25um,1.35,50.0,1.4,25.0,818.6845007639304,97.91922011938561,-8.760724778134886,-1.0478314138780878,-1.058767941091892,-147.57729515197835,1.3322676295501878e-15
reversible_coupling_n1p40_25um,1.35,100.0,1.4,25.0,818.6840250955227,97.9191632267982,-8.761200446542603,-1.0478883064654954,-1.0588254274841067,-147.58530794301765,1.3322676295501878e-15
reversible_coupling_n1p40_25um,1.35,200.0,1.4,25.0,818.6869337236667,97.9195111149031,-8.758291818398561,-1.0475404183605954,-1.0584739083678851,-147.53631114366928,1.3322676295501878e-15
reversible_coupling_n1p40_25um,1.4,25.0,1.4,25.0,816.5163785489519,97.65990064257116,-10.928846993113325,-1.3071508906925402,-1.3207940121902038,-184.1000281619238,1.3322676295501878e-15
reversible_coupling_n1p40_25um,1.4,50.0,1.4,25.0,816.5135561169727,97.65956306400703,-10.931669425092537,-1.3074884692566715,-1.3211351141619219,-184.14757295847787,1.3322676295501878e-15
reversible_coupling_n1p40_25um,1.4,100.0,1.4,25.0,816.5085243592334,97.6589612377929,-10.936701182831825,-1.3080902954708005,-1.3217432218147267,-184.23233457533377,1.3322676295501878e-15
reversible_coupling_n1p40_25um,1.4,200.0,1.4,25.0,816.517874403282,97.66007955506954,-10.927351138783251,-1.3069719781941647,-1.320613232329024,-184.07483000291708,1.4432899320127035e-15
reversible_coupling_n1p40_25um,1.5,25.0,1.4,25.0,809.5411882465792,96.82562908380179,-17.90403729548609,-2.141422449461904,-2.163773110631828,-301.59940681648675,1.3322676295501878e-15
reversible_coupling_n1p40_25um,1.5,50.0,1.4,25.0,809.5452072147154,96.8261097747459,-17.900018327349812,-2.1409417585178083,-2.163287402573794,-301.5317059741621,1.3322676295501878e-15
reversible_coupling_n1p40_25um,1.5,100.0,1.4,25.0,809.5139489278661,96.82237110976847,-17.93127661419919,-2.144680423495224,-2.1670650891063254,-302.05826211433777,1.3322676295501878e-15
reversible_coupling_n1p40_25um,1.5,200.0,1.4,25.0,809.5679305183344,96.82882760825419,-17.87729502373088,-2.1382239250095085,-2.1605412022311614,-301.14892443839597,1.4432899320127035e-15
reversible_coupling_n1p40_25um,1.6,25.0,1.4,25.0,799.7406419786282,95.65342923586742,-27.70458356343704,-3.3136222973962832,-3.3482075560092297,-466.6928375387717,1.3322676295501878e-15
reversible_coupling_n1p40_25um,1.6,50.0,1.4,25.0,799.7345238162561,95.65269746961621,-27.710701725809145,-3.314354063647484,-3.3489469599218085,-466.79589999958876,1.3322676295501878e-15
reversible_coupling_n1p40_25um,1.6,100.0,1.4,25.0,799.6888960354476,95.6472401332328,-27.756329506617703,-3.3198114000308934,-3.354461256143491,-467.564514999608,1.3322676295501878e-15
reversible_coupling_n1p40_25um,1.6,200.0,1.4,25.0,799.7556807185078,95.65522795280809,-27.689544823557412,-3.311823580455609,-3.346390065326414,-466.4395050109118,1.3322676295501878e-15
