active_refractive_index,active_thickness_nm,primer_refractive_index,primer_thickness_nm,transmitted_power_w_m2,weighted_transmittance_percent,additional_power_vs_baseline_w_m2,relative_gain_vs_baseline_percent,passes_positive_gain_gate,passes_provisional_margin_gate,maximum_energy_residual
1.06,100.0,1.15,30.0,832.9807937241987,99.62913627873819,5.535568182133488,0.668995120312296,True,True,8.881784197001252e-16
1.06,100.0,1.15,50.0,833.2991814408017,99.66721722063494,5.853955898736444,0.7074735242929798,True,True,1.1102230246251565e-15
1.06,100.0,1.15,75.0,833.4264003218402,99.68243330644592,5.98117477977496,0.7228484249040956,True,True,8.881784197001252e-16
1.06,100.0,1.2,30.0,832.7031013075448,99.59592272107777,5.257875765479525,0.6354349029006788,True,True,8.881784197001252e-16
1.06,100.0,1.2,50.0,832.5508215058405,99.57770920975697,5.105595963775272,0.6170312917608002,True,True,9.992007221626409e-16
1.06,100.0,1.2,75.0,832.0762791863128,99.5209513087604,4.631053644247572,0.5596809917192689,True,True,9.992007221626409e-16
1.06,100.0,1.25,30.0,831.9763549161771,99.50899981023616,4.531129374111856,0.5476047518605816,True,True,9.992007221626409e-16
1.06,100.0,1.25,50.0,830.7340297718297,99.3604108126972,3.2888042297644233,0.39746488688842263,True,True,8.881784197001252e-16
1.06,100.0,1.25,75.0,828.9167385647281,99.14305267587751,1.4715130226628617,0.17783811873454983,True,True,8.881784197001252e-16
1.06,116.73562789476563,1.15,30.0,833.0580358043683,99.63837486117568,5.6128102623030145,0.6783301285744954,True,True,9.992007221626409e-16
1.06,116.73562789476563,1.15,50.0,833.2459015388665,99.66084464800082,5.80067599680126,0.701034439228433,True,True,8.881784197001252e-16
1.06,116.73562789476563,1.15,75.0,833.3428581729618,99.67244120074751,5.89763263089651,0.7127520286352403,True,True,8.881784197001252e-16
1.06,116.73562789476563,1.2,30.0,832.954366885619,99.62597548184814,5.509141343553779,0.6658013332477326,True,True,9.992007221626409e-16
1.06,116.73562789476563,1.2,50.0,832.7484771579665,99.60134992518556,5.3032516159012175,0.640918752347265,True,True,8.881784197001252e-16
1.06,116.73562789476563,1.2,75.0,832.2802271118007,99.54534461508305,4.835001569735482,0.5843288982141431,True,True,8.881784197001252e-16
1.06,116.73562789476563,1.25,30.0,832.4056214019939,99.56034246967988,4.960395859928667,0.5994832898672026,True,True,8.881784197001252e-16
1.06,116.73562789476563,1.25,50.0,831.1806726191198,99.41383178162691,3.735447077054573,0.4514434263135007,True,True,8.881784197001252e-16
1.06,116.73562789476563,1.25,75.0,829.3924998884336,99.1999563765543,1.9472743463683173,0.23533574021079692,True,True,9.992007221626409e-16
1.06,135.0,1.15,30.0,832.8085332074241,99.60853296275482,5.363307665358889,0.648176761409838,True,True,8.881784197001252e-16
1.06,135.0,1.15,50.0,832.9373333022412,99.62393817052902,5.492107760175941,0.6637427579061831,True,True,9.992007221626409e-16
1.06,135.0,1.15,75.0,833.0922540717551,99.64246755628987,5.6470285296898055,0.682465540361345,True,True,8.881784197001252e-16
1.06,135.0,1.2,30.0,832.8575938576305,99.6144008894131,5.412368315565232,0.6541059333588577,True,True,9.992007221626409e-16
1.06,135.0,1.2,50.0,832.6377038299773,99.58810081899558,5.192478287912081,0.6275313613067803,True,True,9.992007221626409e-16
1.06,135.0,1.2,75.0,832.2275643725222,99.53904585853556,4.782338830456979,0.5779643996766112,True,True,9.992007221626409e-16
1.06,135.0,1.25,30.0,832.4633627072694,99.56724865096946,5.018137165204166,0.6064615530190229,True,True,8.881784197001252e-16
1.06,135.0,1.25,50.0,831.2628033787387,99.4236550773192,3.817577836673422,0.46136925065613854,True,True,8.881784197001252e-16
1.06,135.0,1.25,75.0,829.5224429117554,99.21549828493508,2.0772173696901746,0.2510398640984815,True,True,9.992007221626409e-16
1.0929340906200649,100.0,1.15,30.0,833.4998051271778,99.69121292946915,6.054579585112492,0.7317196834565205,True,True,9.992007221626409e-16
1.0929340906200649,100.0,1.15,50.0,833.3638880573217,99.674956491893,5.918662515256415,0.7152935726203576,True,True,1.2212453270876722e-15
1.0929340906200649,100.0,1.15,75.0,832.8770356129053,99.61672623148624,5.431810070840015,0.6564555457168295,True,True,1.2212453270876722e-15
1.0929340906200649,100.0,1.2,30.0,833.2775176172672,99.66462610683794,5.832292075201963,0.7048553662728777,True,True,1.2212453270876722e-15
1.0929340906200649,100.0,1.2,50.0,832.9070591149651,99.62031720933449,5.461833572899877,0.6600840036658367,True,True,8.881784197001252e-16
1.0929340906200649,100.0,1.2,75.0,832.186938259696,99.53418674946398,4.741712717630776,0.5730545746426231,True,True,9.992007221626409e-16
1.0929340906200649,100.0,1.25,30.0,832.6261520879277,99.58671916639135,5.180926545862462,0.6261352879845793,True,True,9.992007221626409e-16
1.0929340906200649,100.0,1.25,50.0,831.4258730481254,99.44315911683206,3.9806475060601088,0.4810768596135603,True,True,9.992007221626409e-16
1.0929340906200649,100.0,1.25,75.0,829.7380120926091,99.24128155804122,2.2927865505438376,0.27709224487238016,True,True,8.881784197001252e-16
1.0929340906200649,116.73562789476563,1.15,30.0,833.361392671969,99.67465802992457,5.9161671299037835,0.7149919955158434,True,True,8.881784197001252e-16
1.0929340906200649,116.73562789476563,1.15,50.0,833.0421594069156,99.6364759557299,5.596933864850371,0.6764114036894442,True,True,8.881784197001252e-16
1.0929340906200649,116.73562789476563,1.15,75.0,832.5363598702439,99.57597951769861,5.0911343281786685,0.6152835463934704,True,True,9.992007221626409e-16
1.0929340906200649,116.73562789476563,1.2,30.0,833.4056561869331,99.67995219252444,5.96043064486787,0.7203414148608024,True,True,9.992007221626409e-16
1.0929340906200649,116.73562789476563,1.2,50.0,832.9620348635659,99.62689261466274,5.516809321500659,0.6667280384495008,True,True,9.992007221626409e-16
1.0929340906200649,116.73562789476563,1.2,75.0,832.268247842117,99.54391182779571,4.823022300051775,0.5828811565009852,True,True,9.992007221626409e-16
1.0929340906200649,116.73562789476563,1.25,30.0,833.0266062911153,99.63461571656796,5.581380749050027,0.6745317486596921,True,True,9.992007221626409e-16
1.0929340906200649,116.73562789476563,1.25,50.0,831.8541545048091,99.49438396131237,4.4089289627438575,0.5328363529870557,True,True,1.1102230246251565e-15
1.0929340906200649,116.73562789476563,1.25,75.0,830.2178429899475,99.29867200236102,2.772617447882226,0.3350816902793613,True,True,9.992007221626409e-16
1.0929340906200649,135.0,1.15,30.0,832.8221627191228,99.61016312816639,5.3769371770575844,0.649823941341267,True,True,1.1102230246251565e-15
1.0929340906200649,135.0,1.15,50.0,832.4401205819065,99.5644687634947,4.9948950398412535,0.6036526510342799,True,True,8.881784197001252e-16
1.0929340906200649,135.0,1.15,75.0,832.0511570188655,99.51794655779484,4.605931476800265,0.5566448792767988,True,True,9.992007221626409e-16
1.0929340906200649,135.0,1.2,30.0,833.0876966273252,99.64192246058586,5.642471085259899,0.6819147553318078,True,True,9.992007221626409e-16
1.0929340906200649,135.0,1.2,50.0,832.6381993234229,99.58816008276777,5.192973781357637,0.6275912436325537,True,True,9.992007221626409e-16
1.0929340906200649,135.0,1.2,75.0,832.0503256549423,99.51784712204527,4.6051001128770395,0.5565444056868182,True,True,9.992007221626409e-16
1.0929340906200649,135.0,1.25,30.0,832.9320198834542,99.62330265608688,5.486794341388986,0.6631006104113475,True,True,9.992007221626409e-16
1.0929340906200649,135.0,1.25,50.0,831.8006496407758,99.48798448196,4.3554240987105,0.5263700803708464,True,True,9.992007221626409e-16
1.0929340906200649,135.0,1.25,75.0,830.2450634897284,99.30192772554535,2.79983794766315,0.3383713944121142,True,True,1.1102230246251565e-15
1.12,100.0,1.15,30.0,833.0552365456301,99.63804005426007,5.610011003564864,0.677991827179824,True,True,9.992007221626409e-16
1.12,100.0,1.15,50.0,832.5354209325981,99.57586721553345,5.090195390532813,0.6151700720973028,True,True,8.881784197001252e-16
1.12,100.0,1.15,75.0,831.5537071647511,99.45844878824145,4.108481622685872,0.4965261138577936,True,True,9.992007221626409e-16
1.12,100.0,1.2,30.0,832.9047093241002,99.62003616127663,5.4594837820349085,0.6598000222260466,True,True,7.771561172376096e-16
1.12,100.0,1.2,50.0,832.3518998648595,99.55391707501941,4.906674322794288,0.5929908314571385,True,True,1.2212453270876722e-15
1.12,100.0,1.2,75.0,831.4374844942425,99.44454791037485,3.9922589521772807,0.48248014840643055,True,True,8.881784197001252e-16
1.12,100.0,1.25,30.0,832.342271066316,99.55276541715465,4.897045524250757,0.5918271533976968,True,True,8.881784197001252e-16
1.12,100.0,1.25,50.0,831.1808816043513,99.41385677742305,3.7356560622860115,0.45146868299817144,True,True,9.992007221626409e-16
1.12,100.0,1.25,75.0,829.6046238181168,99.2253275784567,2.1593982760515473,0.26097174887158364,True,True,9.992007221626409e-16
1.12,116.73562789476563,1.15,30.0,832.6461376444379,99.58910955011706,5.200912102372627,0.6285506208541444,True,True,1.1102230246251565e-15
1.12,116.73562789476563,1.15,50.0,831.9118098157371,99.50127985719965,4.466584273671856,0.5398042233847884,True,True,9.992007221626409e-16
1.12,116.73562789476563,1.15,75.0,830.9350765353063,99.38445712390595,3.4898509932410207,0.4217621765784913,True,True,9.992007221626409e-16
1.12,116.73562789476563,1.2,30.0,832.8338894915787,99.61156571538079,5.388663949513443,0.6512411677743734,True,True,8.881784197001252e-16
1.12,116.73562789476563,1.2,50.0,832.1983528522044,99.5355519982202,4.753127310139121,0.5744340729049845,True,True,8.881784197001252e-16
1.12,116.73562789476563,1.2,75.0,831.335259816686,99.43232127032738,3.890034274620689,0.4701258952908091,True,True,9.992007221626409e-16
1.12,116.73562789476563,1.25,30.0,832.6166726640361,99.58558537456581,5.1714471219708,0.6249896624375285,True,True,1.1102230246251565e-15
1.12,116.73562789476563,1.25,50.0,831.4925288475491,99.45113152120751,4.047303305483865,0.48913247433779655,True,True,8.881784197001252e-16
1.12,116.73562789476563,1.25,75.0,829.9893513957581,99.27134313674064,2.54412585369289,0.30746758518380657,True,True,8.881784197001252e-16
1.12,135.0,1.15,30.0,831.8436628301043,99.49312909865907,4.3984372880390765,0.5315683929601055,True,True,9.992007221626409e-16
1.12,135.0,1.15,50.0,831.0592454980545,99.39930842252464,3.6140199559891926,0.4367684826051927,True,True,8.881784197001252e-16
1.12,135.0,1.15,75.0,830.25975770422,99.30368523533323,2.8145321621547055,0.34014724785086353,True,True,8.881784197001252e-16
1.12,135.0,1.2,30.0,832.2986995480969,99.54755402121464,4.853474006031661,0.5865613645727565,True,True,1.1102230246251565e-15
1.12,135.0,1.2,50.0,831.6728062381122,99.47269369988884,4.227580696046971,0.5109197038725376,True,True,9.992007221626409e-16
1.12,135.0,1.2,75.0,830.9617684676681,99.3876496274869,3.5165429256028347,0.42498800126608044,True,True,9.992007221626409e-16
1.12,135.0,1.25,30.0,832.3507286978238,99.55377699692747,4.905503155758538,0.5928492913286082,True,True,8.881784197001252e-16
1.12,135.0,1.25,50.0,831.2834720035693,99.42612715981552,3.8382464615040135,0.4638671350106046,True,True,9.992007221626409e-16
1.12,135.0,1.25,75.0,829.8907347668631,99.2595480393824,2.4455092247978882,0.2955493788964481,True,True,9.992007221626409e-16
